iter	Quantile:alpha=0.95
0	0.05207308722
1	0.05186646928
2	0.05142166774
3	0.05119726087
4	0.05095264055
5	0.05041279997
6	0.04997728401
7	0.04965230373
8	0.04929177896
9	0.04893837235
10	0.04853118277
11	0.04827788413
12	0.04799535962
13	0.04780916968
14	0.04746173045
15	0.04708819283
16	0.04680619176
17	0.0465030589
18	0.04617153358
19	0.04583565994
20	0.04539688643
21	0.04513858693
22	0.04494811197
23	0.04457092392
24	0.04439846843
25	0.04417186722
26	0.04400652509
27	0.04375641942
28	0.04338209584
29	0.04320646733
30	0.04307978171
31	0.04285052144
32	0.04265865075
33	0.04245279607
34	0.04228464395
35	0.04198304305
36	0.04170027442
37	0.04149975444
38	0.04136716594
39	0.04110893356
40	0.04101101164
41	0.04077505924
42	0.0405426327
43	0.04032635631
44	0.0401092825
45	0.03989240379
46	0.03972972646
47	0.03951683002
48	0.03927883671
49	0.03907262607
50	0.03882548027
51	0.0386333188
52	0.03850642369
53	0.03836114947
54	0.03831048523
55	0.03818151823
56	0.03812012619
57	0.03793725109
58	0.03779141378
59	0.03762498729
60	0.0375056475
61	0.03729974415
62	0.03718947763
63	0.03709486255
64	0.03697456325
65	0.03687068336
66	0.03683282106
67	0.03676630323
68	0.03667024249
69	0.03664065883
70	0.03660833033
71	0.03658308564
72	0.03650900328
73	0.03645323922
74	0.03641463952
75	0.03635836031
76	0.03624227286
77	0.03614727205
78	0.03609249326
79	0.0360046598
80	0.03590084897
81	0.03578412575
82	0.0356499901
83	0.03558521632
84	0.0355369697
85	0.03542409434
86	0.03537820705
87	0.0352667852
88	0.03519054933
89	0.03510267455
90	0.03503014315
91	0.03494377709
92	0.03488752739
93	0.03481597934
94	0.03475389675
95	0.03466296609
96	0.03457960654
97	0.03453565968
98	0.03447514013
99	0.03445107272
100	0.03434680652
101	0.03426994387
102	0.03421887989
103	0.03417781212
104	0.03413466643
105	0.03412758283
106	0.03409005964
107	0.03403036411
108	0.0340006537
109	0.03397260223
110	0.03391963505
111	0.03385822795
112	0.033802174
113	0.03375660342
114	0.0336997966
115	0.03368534876
116	0.03364900669
117	0.03360106321
118	0.03355270116
119	0.03351360339
120	0.03348775421
121	0.03345583018
122	0.03341990311
123	0.03338330978
124	0.03335968551
125	0.0333213144
126	0.03327144535
127	0.03324208948
128	0.03322516871
129	0.03319116854
130	0.03316034512
131	0.03313338276
132	0.03309918114
133	0.03307289906
134	0.03306170376
135	0.03304271211
136	0.03302834144
137	0.03298998828
138	0.03296104803
139	0.03295151901
140	0.03293828822
141	0.03293167753
142	0.03291001021
143	0.03284935012
144	0.0328449211
145	0.03283814537
146	0.03279914585
147	0.03276390276
148	0.03273722258
149	0.03272952121
150	0.03268755018
151	0.03266654131
152	0.03264075814
153	0.03260946249
154	0.03259603303
155	0.03257613182
156	0.03255191191
157	0.03253523935
158	0.03251208222
159	0.03250228595
160	0.03249206264
161	0.03247153856
162	0.03246558836
163	0.03245741585
164	0.03243797068
165	0.03241878951
166	0.03240220908
167	0.03239508921
168	0.03236890056
169	0.03234186273
170	0.03231351261
171	0.03230074473
172	0.0322912975
173	0.03228414879
174	0.03227352298
175	0.03225428318
176	0.03224575158
177	0.0322223389
178	0.03221386449
179	0.03220864272
180	0.03219339244
181	0.03216683017
182	0.03215662992
183	0.0321451581
184	0.03213993072
185	0.03211500032
186	0.03208738636
187	0.03207697363
188	0.03206839991
189	0.03205013753
190	0.0320326625
191	0.03202603081
192	0.03202136467
193	0.03201601405
194	0.03200335002
195	0.03199275921
196	0.03197404474
197	0.03196223168
198	0.03192928773
199	0.03192397486
200	0.0319179316
201	0.03189414728
202	0.03188669694
203	0.03187995088
204	0.031877
205	0.03185173086
206	0.0318482926
207	0.03184222681
208	0.03183337925
209	0.03181737265
210	0.03181347265
211	0.03180169339
212	0.03179275082
213	0.03178355077
214	0.03178035579
215	0.03177164125
216	0.03176306001
217	0.03175193585
218	0.03174557858
219	0.0317311945
220	0.03172554861
221	0.03172311627
222	0.03170819156
223	0.0316982859
224	0.0316859468
225	0.03167659292
226	0.03166863743
227	0.03165640554
228	0.03164938283
229	0.03163279232
230	0.03162992849
231	0.03162211977
232	0.03161964092
233	0.0316159867
234	0.03161319068
235	0.03160685836
236	0.03160498647
237	0.03160340299
238	0.03160031861
239	0.03158010863
240	0.03157452909
241	0.03156442486
242	0.03156208924
243	0.03156037295
244	0.03155772344
245	0.03155498008
246	0.03154974499
247	0.03153787017
248	0.03152282258
249	0.03152159984
250	0.03151299199
251	0.03150555275
252	0.0314879109
253	0.03147310945
254	0.03147285376
255	0.0314724095
256	0.03146589513
257	0.03146227114
258	0.03145852565
259	0.03144412263
260	0.03144287808
261	0.03142558747
262	0.0314210136
263	0.03141427128
264	0.03140952605
265	0.03140711764
266	0.0314051557
267	0.03140299217
268	0.03140168789
269	0.03139816013
270	0.03139030556
271	0.03138585831
272	0.0313780403
273	0.03136799589
274	0.03136425051
275	0.03136296778
276	0.03136021205
277	0.03134931085
278	0.03134605609
279	0.03133523793
280	0.03133248617
281	0.03133132746
282	0.03132740428
283	0.0313156982
284	0.03131515213
285	0.03131420292
286	0.03131352889
287	0.0313125949
288	0.0313113946
289	0.03130749025
290	0.03129476132
291	0.03129388778
292	0.03127988433
293	0.03127475945
294	0.03127101134
295	0.03125628063
296	0.03125578801
297	0.03124350284
298	0.03124048209
299	0.03124009643
300	0.0312380831
301	0.0312242688
302	0.03122347963
303	0.03122266556
304	0.03121335316
305	0.03121169783
306	0.03120902425
307	0.031206416
308	0.03120603518
309	0.03119500402
310	0.03119427082
311	0.03118776994
312	0.03118649915
313	0.03118442495
314	0.03117755026
315	0.03117661467
316	0.03116848445
317	0.03116440908
318	0.03116212764
319	0.03115547048
320	0.03115510706
321	0.03115483058
322	0.03115471608
323	0.03115413028
324	0.03115112796
325	0.03114998678
326	0.03114953326
327	0.0311490556
328	0.03114872154
329	0.03114784376
330	0.03114748649
331	0.0311440577
332	0.03114344858
333	0.03114315781
334	0.03113325201
335	0.03112321328
336	0.03112307605
337	0.0311159274
338	0.03111460966
339	0.03110615996
340	0.03108343225
341	0.03106388094
342	0.03104664585
343	0.03103009034
344	0.03101584034
345	0.03100937944
346	0.03100366814
347	0.03099474618
348	0.03097741358
349	0.03094359684
350	0.03093656471
351	0.03091780928
352	0.03089342265
353	0.03088077024
354	0.03085940187
355	0.03079685391
356	0.03077985551
357	0.03076218807
358	0.03074840173
359	0.03073521324
360	0.03072118251
361	0.03070260186
362	0.0306833364
363	0.03064956279
364	0.03061817689
365	0.03060355797
366	0.03058891978
367	0.03057205385
368	0.03055588499
369	0.03054863582
370	0.03052952082
371	0.03050232209
372	0.03048897285
373	0.03045808311
374	0.03043276533
375	0.03041558209
376	0.03039512685
377	0.0303785508
378	0.03036360949
379	0.03034540906
380	0.0303110605
381	0.03027316079
382	0.03026367948
383	0.0302466052
384	0.03023586107
385	0.03021694956
386	0.03020861224
387	0.03018564011
388	0.0301561395
389	0.03012883474
390	0.03011504351
391	0.03009519479
392	0.03007867443
393	0.03006063387
394	0.0300460415
395	0.03003858221
396	0.03002637263
397	0.03000825255
398	0.02999208282
399	0.02997869447
400	0.02997047676
401	0.02995429699
402	0.02993614608
403	0.02990566433
404	0.0298715771
405	0.02983744733
406	0.02979854789
407	0.02978270679
408	0.02977309618
409	0.02975041907
410	0.02972529028
411	0.02969310772
412	0.02967088998
413	0.02964964302
414	0.02962167839
415	0.02959906824
416	0.02957424216
417	0.02956539869
418	0.02954879894
419	0.0295261197
420	0.02950036961
421	0.0294743357
422	0.02945994551
423	0.02943100923
424	0.0294097584
425	0.02938348679
426	0.0293594017
427	0.0293526704
428	0.02932464844
429	0.02929683875
430	0.02926930287
431	0.02925252527
432	0.02923070279
433	0.02920676086
434	0.02918586758
435	0.0291673855
436	0.02914913834
437	0.02912444373
438	0.02910026092
439	0.02907973888
440	0.02906394284
441	0.02903635594
442	0.02900552927
443	0.02898617215
444	0.02897287627
445	0.02895238357
446	0.02893201433
447	0.02890906241
448	0.02887372149
449	0.02884750237
450	0.0288352898
451	0.02881686148
452	0.02880028895
453	0.02877950006
454	0.02876785338
455	0.02875151841
456	0.02873234074
457	0.02871438976
458	0.02870507867
459	0.02869878034
460	0.02868410701
461	0.02865714395
462	0.02864677721
463	0.02863069341
464	0.02861941267
465	0.02860569383
466	0.02859714654
467	0.02858471701
468	0.02856059793
469	0.02854429154
470	0.02853578653
471	0.02852699396
472	0.02850949347
473	0.0284930303
474	0.02848441612
475	0.02845774314
476	0.02844784532
477	0.02841805173
478	0.0283832042
479	0.0283609772
480	0.02833955398
481	0.02832687542
482	0.02831183534
483	0.02829716667
484	0.02827580697
485	0.02825910197
486	0.02824351712
487	0.02823087303
488	0.02822374605
489	0.02821179244
490	0.02819959386
491	0.02818989895
492	0.02817769291
493	0.02817326876
494	0.02813914662
495	0.02812249581
496	0.02810926839
497	0.02809778765
498	0.02808621665
499	0.02807796848
500	0.02806866531
501	0.02805769192
502	0.02804752575
503	0.02803320761
504	0.02801903726
505	0.02800792514
506	0.02799282961
507	0.02798776511
508	0.02798397259
509	0.02797509506
510	0.02796921744
511	0.02795082017
512	0.02793298939
513	0.02792592388
514	0.02789313058
515	0.02788669405
516	0.02788319466
517	0.02785779969
518	0.0278486555
519	0.02783046481
520	0.02782386772
521	0.02781797816
522	0.02781133383
523	0.02780193357
524	0.02779611303
525	0.02778521409
526	0.02778105038
527	0.02776689587
528	0.02775880186
529	0.02774935919
530	0.02774201772
531	0.02773503193
532	0.02772773759
533	0.02771193433
534	0.02769509428
535	0.02768386222
536	0.02767648819
537	0.02766602273
538	0.02766002092
539	0.02763837411
540	0.02762708379
541	0.02762378598
542	0.02760827192
543	0.02760201342
544	0.02759463286
545	0.02759218628
546	0.02758909712
547	0.02758542311
548	0.02757500389
549	0.02755623943
550	0.02754512938
551	0.02753681236
552	0.02749825177
553	0.02748933486
554	0.02747662099
555	0.02747052074
556	0.02746245755
557	0.02745125896
558	0.02744116898
559	0.02742173401
560	0.02740215015
561	0.02739532371
562	0.02738812323
563	0.02737916209
564	0.0273603539
565	0.02735114779
566	0.02733550047
567	0.02732656223
568	0.02731799089
569	0.02728896009
570	0.02727620045
571	0.02727058319
572	0.02725972965
573	0.02723419188
574	0.02721963239
575	0.02721209916
576	0.02720689711
577	0.02719286141
578	0.02716860106
579	0.02715395521
580	0.02714799538
581	0.02713136947
582	0.02712750129
583	0.02712367542
584	0.02711560235
585	0.02710465459
586	0.02709544264
587	0.02709359846
588	0.02707740691
589	0.02705531991
590	0.02705022283
591	0.02704360098
592	0.02703832292
593	0.02702959481
594	0.0270018548
595	0.02699752841
596	0.0269898943
597	0.02697454464
598	0.02697110829
599	0.02696202925
600	0.02695291451
601	0.02694864123
602	0.02691924494
603	0.0269050412
604	0.02689097584
605	0.02688344893
606	0.02687395548
607	0.02686406702
608	0.02685331081
609	0.02683911532
610	0.02683162444
611	0.02682042055
612	0.02681725029
613	0.02680335941
614	0.02679674595
615	0.02679397322
616	0.02677672247
617	0.02676785982
618	0.02674933172
619	0.02674368302
620	0.02673316932
621	0.02672003121
622	0.026710179
623	0.0267043267
624	0.02669923829
625	0.02668648634
626	0.02667877885
627	0.02666362002
628	0.02665926686
629	0.02662333467
630	0.02661201176
631	0.0266052301
632	0.02658898099
633	0.02658476698
634	0.02657721989
635	0.02657094868
636	0.02655839189
637	0.02654856639
638	0.02653917186
639	0.02653635758
640	0.02653140259
641	0.02652760614
642	0.02648068375
643	0.02647422256
644	0.02647130579
645	0.02646323446
646	0.02646002339
647	0.02644259258
648	0.02643278126
649	0.02642622989
650	0.02642384009
651	0.02641616287
652	0.02641216289
653	0.02640800822
654	0.026406487
655	0.02640460844
656	0.02639639735
657	0.0263905024
658	0.02638428467
659	0.02637655241
660	0.02637028794
661	0.02635633537
662	0.02634342786
663	0.02633719845
664	0.02633094543
665	0.02632470494
666	0.02631861329
667	0.02631111214
668	0.02630295107
669	0.02629757313
670	0.0262956767
671	0.02628950404
672	0.02627840402
673	0.02623713096
674	0.02622897939
675	0.02622168466
676	0.02621367229
677	0.02620905375
678	0.02616734521
679	0.02616208642
680	0.02615690646
681	0.02615141986
682	0.0261431652
683	0.0261209638
684	0.02611293531
685	0.02610351684
686	0.02607911198
687	0.02607199735
688	0.02604697453
689	0.02603830128
690	0.02603007987
691	0.02602803711
692	0.02602287267
693	0.0260188474
694	0.02597846642
695	0.02597219044
696	0.02596568058
697	0.0259590716
698	0.02595318059
699	0.02593007449
700	0.02591933922
701	0.02591492575
702	0.02590491237
703	0.02589697539
704	0.02589223146
705	0.02588827661
706	0.02588454982
707	0.02587814577
708	0.02587308912
709	0.02586647592
710	0.02586555851
711	0.02586228078
712	0.02585591433
713	0.02584945887
714	0.02584519019
715	0.0258422988
716	0.02583848721
717	0.02583509565
718	0.02582685885
719	0.02582274614
720	0.02581910567
721	0.02581345948
722	0.02580922098
723	0.02579208362
724	0.02578805235
725	0.02578549393
726	0.02578202938
727	0.02577524449
728	0.02577030976
729	0.02576306054
730	0.02574454409
731	0.02573696497
732	0.0257282279
733	0.02571875641
734	0.02571739311
735	0.02571146429
736	0.02570644461
737	0.02569798413
738	0.02567044478
739	0.02566759062
740	0.0256636201
741	0.02565854818
742	0.02565652616
743	0.02564470628
744	0.02563506982
745	0.02562730862
746	0.02562232435
747	0.0256140491
748	0.02560870034
749	0.02560391751
750	0.02559817917
751	0.02559360758
752	0.02559131079
753	0.02558538077
754	0.02557810848
755	0.02557464702
756	0.02556511068
757	0.02555546832
758	0.02554136671
759	0.02553479134
760	0.02552932711
761	0.02552448622
762	0.0255167046
763	0.02551324346
764	0.02550436673
765	0.02549889892
766	0.02549217531
767	0.02548986759
768	0.02548477777
769	0.02547012836
770	0.02546699198
771	0.02546428259
772	0.02545756955
773	0.02545118047
774	0.02544811176
775	0.0254436239
776	0.0254395972
777	0.02543707252
778	0.02542788644
779	0.02542605602
780	0.02542380898
781	0.02541955477
782	0.02541677515
783	0.02541442958
784	0.02541132761
785	0.02540669241
786	0.02540411182
787	0.02539996934
788	0.02539318733
789	0.02535300115
790	0.02535197317
791	0.02534659917
792	0.02533937945
793	0.02533635746
794	0.02533410451
795	0.02533085989
796	0.02532721305
797	0.02532489143
798	0.02531537137
799	0.02531015637
800	0.02530664368
801	0.02529984319
802	0.02526271976
803	0.02525477248
804	0.02524890269
805	0.02524591233
806	0.02524343675
807	0.02523949953
808	0.02523487717
809	0.02522874191
810	0.02522165415
811	0.02521878626
812	0.02520780953
813	0.02520211027
814	0.02519827128
815	0.02519503184
816	0.02519049253
817	0.0251869481
818	0.02518159906
819	0.02516953715
820	0.0251662749
821	0.02516023112
822	0.0251565311
823	0.02515205281
824	0.02515010938
825	0.02514552165
826	0.02513946237
827	0.025135837
828	0.02512423078
829	0.0251173908
830	0.02511166329
831	0.02510385525
832	0.02509980834
833	0.02509497884
834	0.02509055069
835	0.02508679501
836	0.0250741203
837	0.02506826635
838	0.02506639621
839	0.02505631346
840	0.02505151669
841	0.02504904559
842	0.02503992961
843	0.02503114768
844	0.02502776916
845	0.02501859429
846	0.02501342254
847	0.02500789928
848	0.02500365781
849	0.02499938035
850	0.02499494951
851	0.02499280186
852	0.02499087178
853	0.02498864126
854	0.02498398844
855	0.02498191153
856	0.02497973319
857	0.02497105072
858	0.02496821006
859	0.02494535687
860	0.02493966138
861	0.0249363466
862	0.02493446187
863	0.02493286788
864	0.02492489431
865	0.02492288057
866	0.02492057941
867	0.02491574192
868	0.02491326911
869	0.02490762393
870	0.0249048251
871	0.02490201713
872	0.02489663088
873	0.02489238393
874	0.02488805484
875	0.0248860365
876	0.02486721867
877	0.024866278
878	0.024864151
879	0.02486254432
880	0.02485745725
881	0.02485589468
882	0.02485160537
883	0.0248463504
884	0.02483913256
885	0.02483237423
886	0.02482845054
887	0.02482643776
888	0.02482278266
889	0.02481833035
890	0.02481676343
891	0.0248111886
892	0.02481039633
893	0.02480588854
894	0.02480407342
895	0.02480077113
896	0.02479826932
897	0.02479515053
898	0.02479212303
899	0.02479058323
900	0.02478514892
901	0.02478250032
902	0.02477556622
903	0.02477266525
904	0.02476991131
905	0.02476150193
906	0.02475761117
907	0.02475525007
908	0.02474863619
909	0.02474555673
910	0.02474218814
911	0.02473663247
912	0.02473271745
913	0.02472491257
914	0.02472227607
915	0.02471573936
916	0.02471134042
917	0.02470803352
918	0.0246745521
919	0.0246623062
920	0.02465945442
921	0.02465202426
922	0.02465021781
923	0.02464691931
924	0.02464120694
925	0.02463085678
926	0.02462099291
927	0.02461334613
928	0.02458157176
929	0.02457731699
930	0.02455333885
931	0.02455126007
932	0.02454746865
933	0.0245417209
934	0.02453843087
935	0.02453287644
936	0.02452757454
937	0.02452182382
938	0.02451988523
939	0.0245156405
940	0.02451205026
941	0.02450846215
942	0.02450408486
943	0.02447479415
944	0.02447202228
945	0.02446804937
946	0.02446228397
947	0.02445695216
948	0.02443210911
949	0.02442636364
950	0.02442253437
951	0.02441965949
952	0.02441223672
953	0.02440950814
954	0.02440556541
955	0.02438259192
956	0.02437473787
957	0.02437334708
958	0.02435343023
959	0.02434755324
960	0.0243359152
961	0.02433265229
962	0.0243169678
963	0.02431360344
964	0.02430989123
965	0.02430302005
966	0.02428649398
967	0.02426936494
968	0.02424953263
969	0.02423418446
970	0.02421824838
971	0.02421418332
972	0.02421029717
973	0.02420648857
974	0.02419663161
975	0.02418395064
976	0.02417805714
977	0.02417472677
978	0.02417419774
979	0.02417061029
980	0.02416526168
981	0.0241601037
982	0.02415870579
983	0.02414349696
984	0.02414210632
985	0.02413960564
986	0.02413777711
987	0.02413262783
988	0.02412876911
989	0.02412566765
990	0.02412021595
991	0.02411403145
992	0.02411208614
993	0.02410590711
994	0.02410352528
995	0.02410129897
996	0.02409899892
997	0.02409463693
998	0.02409281162
999	0.02409117266
1000	0.02408652063
1001	0.0240847858
1002	0.02408184582
1003	0.024077175
1004	0.02407547667
1005	0.02407323078
1006	0.02406609853
1007	0.02406071489
1008	0.0240573199
1009	0.02405599025
1010	0.02405363673
1011	0.02404867222
1012	0.02404362804
1013	0.02404313232
1014	0.02403992966
1015	0.0240353341
1016	0.02403133061
1017	0.02402966733
1018	0.02402703806
1019	0.0240240395
1020	0.02402337702
1021	0.02402163382
1022	0.02401982047
1023	0.02401890317
1024	0.02401681828
1025	0.0240146749
1026	0.02400802927
1027	0.02400612882
1028	0.02400535256
1029	0.02400438552
1030	0.02399064606
1031	0.02397288081
1032	0.02396756947
1033	0.02396095636
1034	0.02395695508
1035	0.0239553386
1036	0.02394252315
1037	0.02393897165
1038	0.02393407876
1039	0.02392054621
1040	0.02391400107
1041	0.02390940033
1042	0.0238948028
1043	0.02389277576
1044	0.02388847618
1045	0.02388409556
1046	0.02388190711
1047	0.0238786657
1048	0.02387207508
1049	0.02386780897
1050	0.02386230811
1051	0.02385774544
1052	0.02385618252
1053	0.02385186399
1054	0.02384730325
1055	0.02384000281
1056	0.02383813314
1057	0.02383424307
1058	0.02383172339
1059	0.02381925034
1060	0.02381808239
1061	0.02381589236
1062	0.0238152312
1063	0.02381259057
1064	0.0238078164
1065	0.02379905552
1066	0.02379484497
1067	0.02379110309
1068	0.02378606216
1069	0.0237847544
1070	0.02377230173
1071	0.02377172104
1072	0.02375972759
1073	0.02375617643
1074	0.02375275183
1075	0.0237495063
1076	0.02374698531
1077	0.02374346533
1078	0.02374139095
1079	0.02373783648
1080	0.02373430193
1081	0.02372922317
1082	0.02372663082
1083	0.02371341642
1084	0.02370916311
1085	0.02369897282
1086	0.02369588177
1087	0.02369085764
1088	0.02368723062
1089	0.02368585991
1090	0.02367432187
1091	0.02367136209
1092	0.02366590567
1093	0.0236634965
1094	0.02365899952
1095	0.02365672066
1096	0.02365517155
1097	0.02365148926
1098	0.02364749073
1099	0.02364385387
1100	0.02364037254
1101	0.02363659962
1102	0.02363148384
1103	0.02362761066
1104	0.0236231023
1105	0.02362084784
1106	0.02361817757
1107	0.02361232148
1108	0.0236100929
1109	0.02360769873
1110	0.02360442087
1111	0.02359994882
1112	0.02359470345
1113	0.02359228674
1114	0.02358872025
1115	0.02358716143
1116	0.02358474507
1117	0.02357944558
1118	0.02357440492
1119	0.02356996351
1120	0.02356609267
1121	0.02356134039
1122	0.02355776829
1123	0.02355517454
1124	0.02354546079
1125	0.02354169035
1126	0.0235406012
1127	0.02353737696
1128	0.02352949312
1129	0.02352605139
1130	0.02352175414
1131	0.02351677563
1132	0.02351292093
1133	0.0235008437
1134	0.02349760994
1135	0.02349433834
1136	0.02349241241
1137	0.02348875895
1138	0.0234842272
1139	0.02348193235
1140	0.02347233724
1141	0.02345950349
1142	0.02345700426
1143	0.02345308977
1144	0.02344999247
1145	0.02344524377
1146	0.02343912135
1147	0.02343684858
1148	0.02343548572
1149	0.02343442439
1150	0.02343134244
1151	0.02342767353
1152	0.02342447629
1153	0.02342121544
1154	0.02341805832
1155	0.02341693421
1156	0.02341107912
1157	0.02340092534
1158	0.02339928626
1159	0.02339688374
1160	0.02339283536
1161	0.02339017624
1162	0.02338040168
1163	0.02337835377
1164	0.02336840941
1165	0.02336484558
1166	0.02336164773
1167	0.02336052952
1168	0.02335844486
1169	0.02335418082
1170	0.02335229768
1171	0.02335005623
1172	0.02334683811
1173	0.02334295817
1174	0.02333837449
1175	0.0233355066
1176	0.02333215067
1177	0.02333036578
1178	0.02332619958
1179	0.02332306984
1180	0.02331395034
1181	0.02330922964
1182	0.02330599335
1183	0.02329551543
1184	0.02329346164
1185	0.02329100066
1186	0.02328713958
1187	0.02328414953
1188	0.0232822357
1189	0.02327939203
1190	0.02326691755
1191	0.02326017239
1192	0.02325702146
1193	0.02325423882
1194	0.02325131402
1195	0.02324716615
1196	0.02324583147
1197	0.02324175902
1198	0.02323777689
1199	0.02323509836
1200	0.02323192211
1201	0.02323015877
1202	0.02322880061
1203	0.02322547546
1204	0.02322052812
1205	0.02321832374
1206	0.02321583829
1207	0.02321339909
1208	0.0232105651
1209	0.02320848501
1210	0.02320615394
1211	0.02320517281
1212	0.0232021989
1213	0.02319933541
1214	0.02319459644
1215	0.02319211954
1216	0.02319180219
1217	0.02319039709
1218	0.02318827207
1219	0.02318532723
1220	0.02318028569
1221	0.02317784501
1222	0.02317389348
1223	0.02316632592
1224	0.02316337053
1225	0.0231620349
1226	0.02315696551
1227	0.02315385768
1228	0.0231502513
1229	0.02314122861
1230	0.02313905379
1231	0.02312928936
1232	0.0231245312
1233	0.0231220115
1234	0.02312060611
1235	0.02311594456
1236	0.02310751315
1237	0.02310465219
1238	0.02310163631
1239	0.0230993577
1240	0.02309709537
1241	0.02309367873
1242	0.02309313915
1243	0.02309052079
1244	0.02308882971
1245	0.02308093725
1246	0.02307880563
1247	0.0230757479
1248	0.02307381575
1249	0.02306672216
1250	0.02306469676
1251	0.02306079156
1252	0.02305893583
1253	0.02305644146
1254	0.02305458338
1255	0.02305235957
1256	0.0230490542
1257	0.02304629179
1258	0.02304363137
1259	0.02304123291
1260	0.02303794047
1261	0.02303512557
1262	0.02303257243
1263	0.02303024355
1264	0.02302753652
1265	0.02302708087
1266	0.02302624722
1267	0.02302439139
1268	0.02302110972
1269	0.02301520755
1270	0.02301461428
1271	0.02301076824
1272	0.02300654037
1273	0.02299709723
1274	0.02299489676
1275	0.02299338182
1276	0.02299213076
1277	0.02299104525
1278	0.02298877948
1279	0.02298506943
1280	0.02297999438
1281	0.02297817951
1282	0.02296893601
1283	0.02296526153
1284	0.02296241079
1285	0.02295189355
1286	0.02294187906
1287	0.02293774495
1288	0.02293548902
1289	0.0229325281
1290	0.02293220618
1291	0.02293040784
1292	0.02292953222
1293	0.0229251628
1294	0.02292366193
1295	0.02292312787
1296	0.02292181924
1297	0.02291751208
1298	0.02290810652
1299	0.02290665621
1300	0.02290508788
1301	0.02290371064
1302	0.02290071712
1303	0.02289697694
1304	0.02289385089
1305	0.02289289903
1306	0.02289179582
1307	0.02288786999
1308	0.02288544396
1309	0.02288374734
1310	0.02288216165
1311	0.02287964843
1312	0.02287619687
1313	0.02287492018
1314	0.02287240239
1315	0.02286880642
1316	0.02286384832
1317	0.02286352848
1318	0.02286263436
1319	0.0228622466
1320	0.02286067986
1321	0.02285980947
1322	0.02285679967
1323	0.02285144422
1324	0.02284862116
1325	0.02284585646
1326	0.02284326233
1327	0.022839549
1328	0.02283849741
1329	0.02283636078
1330	0.02283377933
1331	0.02283349054
1332	0.02282942394
1333	0.02282271755
1334	0.02282137152
1335	0.02281945644
1336	0.02281676981
1337	0.02281603941
1338	0.02281514276
1339	0.02281316639
1340	0.02281220615
1341	0.02281129041
1342	0.02280911958
1343	0.02280617598
1344	0.02280267046
1345	0.02279847167
1346	0.02279511455
1347	0.02279243219
1348	0.0227894825
1349	0.02278699539
1350	0.02278279112
1351	0.02278033951
1352	0.02277744426
1353	0.02276822799
1354	0.02276609092
1355	0.02276041448
1356	0.0227556944
1357	0.02275444085
1358	0.0227521316
1359	0.02275068752
1360	0.02274860829
1361	0.02274802841
1362	0.02273964975
1363	0.02273889181
1364	0.02273678407
1365	0.02273587175
1366	0.02273514384
1367	0.02273341247
1368	0.02273268729
1369	0.02272471659
1370	0.02272202576
1371	0.02271098617
1372	0.02270447089
1373	0.02270265143
1374	0.02269419808
1375	0.0226938771
1376	0.02269152976
1377	0.02268858251
1378	0.02268474315
1379	0.02268230091
1380	0.02267929096
1381	0.02267688886
1382	0.02267414836
1383	0.0226720972
1384	0.02267003282
1385	0.02266717164
1386	0.02266657466
1387	0.02266637766
1388	0.02266434228
1389	0.0226615494
1390	0.02265949469
1391	0.02265498159
1392	0.02265080643
1393	0.02265001353
1394	0.0226442168
1395	0.02264138009
1396	0.0226393676
1397	0.02263847457
1398	0.02263783837
1399	0.02263585186
1400	0.02263478569
1401	0.0226313216
1402	0.02262988772
1403	0.0226293832
1404	0.02262765329
1405	0.0226268681
1406	0.02262558649
1407	0.02262391247
1408	0.02261776496
1409	0.02261587202
1410	0.02261338995
1411	0.02261132003
1412	0.0226085009
1413	0.02260642217
1414	0.02260542964
1415	0.02260479657
1416	0.02260113127
1417	0.02259994013
1418	0.02259803623
1419	0.02259749213
1420	0.02259632865
1421	0.02259558882
1422	0.02259500905
1423	0.02259385221
1424	0.02259111313
1425	0.02258783157
1426	0.02258585273
1427	0.02258348942
1428	0.02258309475
1429	0.02258113668
1430	0.02258006132
1431	0.02257841471
1432	0.02257210145
1433	0.02257042727
1434	0.02256655676
1435	0.02256365146
1436	0.02256261354
1437	0.02256133495
1438	0.02256006206
1439	0.02255819315
1440	0.02255484531
1441	0.02254916677
1442	0.0225416389
1443	0.0225400109
1444	0.0225371343
1445	0.02253179907
1446	0.0225306075
1447	0.02252964839
1448	0.02252655959
1449	0.02252372705
1450	0.02252191775
1451	0.02252176956
1452	0.02251803957
1453	0.02251527627
1454	0.02251341164
1455	0.02251222896
1456	0.022504891
1457	0.0225042428
1458	0.02250167671
1459	0.02250089591
1460	0.02250075404
1461	0.02249641792
1462	0.02249555848
1463	0.02249384927
1464	0.02249248838
1465	0.02249037488
1466	0.02248872848
1467	0.02248825386
1468	0.02248625061
1469	0.02248365341
1470	0.02248319213
1471	0.02248183892
1472	0.02247986473
1473	0.02247837054
1474	0.02247804377
1475	0.02247652079
1476	0.02247396735
1477	0.02247373211
1478	0.02247141407
1479	0.02247036982
1480	0.02246762875
1481	0.02246374198
1482	0.02246276479
1483	0.02245879971
1484	0.02245855045
1485	0.02245641704
1486	0.02245386792
1487	0.02244593744
1488	0.02244477939
1489	0.02244454617
1490	0.02244306509
1491	0.0224419952
1492	0.02244161639
1493	0.0224359809
1494	0.0224346083
1495	0.02243330396
1496	0.02243205994
1497	0.02243030992
1498	0.02242508538
1499	0.02242414002
1500	0.02242163334
1501	0.02241666571
1502	0.02241549028
1503	0.02241331777
1504	0.02240688712
1505	0.02240528378
1506	0.02240423847
1507	0.02240288341
1508	0.02240121547
1509	0.02239871827
1510	0.02239481071
1511	0.02239443862
1512	0.0223927246
1513	0.0223919584
1514	0.02239013503
1515	0.02238712167
1516	0.02238554282
1517	0.02238453445
1518	0.02238308782
1519	0.02238001506
1520	0.02237830287
1521	0.02237511051
1522	0.02237454805
1523	0.0223698435
1524	0.02236838506
1525	0.02236334772
1526	0.0223628651
1527	0.02236230567
1528	0.02236008252
1529	0.02235768522
1530	0.02235558203
1531	0.02235307854
1532	0.02235172942
1533	0.02235000915
1534	0.02234895578
1535	0.02234676667
1536	0.02234237248
1537	0.0223418759
1538	0.02234042096
1539	0.02233860077
1540	0.02233502199
1541	0.02233301732
1542	0.02232944232
1543	0.02232739299
1544	0.02232435704
1545	0.02231689959
1546	0.02231333026
1547	0.02231195598
1548	0.02231128471
1549	0.0223071951
1550	0.02230535594
1551	0.02230502507
1552	0.022303735
1553	0.02230253414
1554	0.02230226145
1555	0.02229862741
1556	0.0222965444
1557	0.02229512227
1558	0.02228825607
1559	0.02228621732
1560	0.02228427771
1561	0.02228270927
1562	0.02228015294
1563	0.02227035324
1564	0.02226907704
1565	0.02226530092
1566	0.02226499512
1567	0.02226231681
1568	0.0222593916
1569	0.02225617003
1570	0.02225475758
1571	0.02225261343
1572	0.02224952111
1573	0.02224834494
1574	0.02224600497
1575	0.02224460291
1576	0.02224055542
1577	0.02223663011
1578	0.02223052734
1579	0.02222993638
1580	0.02222718602
1581	0.02222440175
1582	0.02222120737
1583	0.02221974048
1584	0.02221822715
1585	0.02221764131
1586	0.02221496194
1587	0.02221301948
1588	0.02221047624
1589	0.02220807613
1590	0.0222072365
1591	0.02220523659
1592	0.0222040851
1593	0.02220391301
1594	0.02220326886
1595	0.02220043566
1596	0.02219848007
1597	0.02219709274
1598	0.02219147405
1599	0.02218742607
1600	0.02218679449
1601	0.02218533098
1602	0.02218486949
1603	0.02218147832
1604	0.02217796554
1605	0.02217691085
1606	0.02217371688
1607	0.022172309
1608	0.02216982297
1609	0.02216812047
1610	0.02216704892
1611	0.02216351845
1612	0.02216213459
1613	0.02216116786
1614	0.02215756306
1615	0.02215580685
1616	0.02215411649
1617	0.02215356207
1618	0.0221518663
1619	0.02215146911
1620	0.02215015046
1621	0.022148867
1622	0.02214783385
1623	0.02214603223
1624	0.02214235068
1625	0.02214019623
1626	0.02213050357
1627	0.02212923571
1628	0.02212754032
1629	0.0221237842
1630	0.02212296187
1631	0.02212106557
1632	0.02211373876
1633	0.0221115685
1634	0.02211017449
1635	0.02210937479
1636	0.02210638398
1637	0.02210563418
1638	0.02210305851
1639	0.02210204626
1640	0.02209872148
1641	0.02209819941
1642	0.0220973391
1643	0.02208917367
1644	0.02208162147
1645	0.0220805171
1646	0.02207645906
1647	0.02207514241
1648	0.02207265158
1649	0.02206945186
1650	0.02206041973
1651	0.02205871747
1652	0.0220500979
1653	0.02204783561
1654	0.02204390354
1655	0.02204218345
1656	0.02203635613
1657	0.02203416566
1658	0.02203184672
1659	0.02203013955
1660	0.0220283589
1661	0.02202799324
1662	0.02202593589
1663	0.02202562924
1664	0.02202238263
1665	0.02201821725
1666	0.02201708131
1667	0.02201604239
1668	0.02201229952
1669	0.02201190507
1670	0.02200762019
1671	0.02200579542
1672	0.02200373094
1673	0.02200099571
1674	0.02199893632
1675	0.02199542816
1676	0.02199355551
1677	0.02199188993
1678	0.02198982858
1679	0.02198860915
1680	0.02198699157
1681	0.0219844853
1682	0.02197886556
1683	0.02197741765
1684	0.0219765481
1685	0.02197610007
1686	0.02197426087
1687	0.02197140902
1688	0.02196686978
1689	0.02196363402
1690	0.02196258808
1691	0.02196245437
1692	0.02196201789
1693	0.02195732012
1694	0.02195650103
1695	0.02195543882
1696	0.02195332446
1697	0.02195251457
1698	0.02195100041
1699	0.02194558415
1700	0.02194519201
1701	0.02194257795
1702	0.02194211089
1703	0.02193661264
1704	0.02193572053
1705	0.02193357766
1706	0.0219309414
1707	0.02192973942
1708	0.02192880153
1709	0.02192732627
1710	0.02192702353
1711	0.02192495215
1712	0.02192443503
1713	0.02192286899
1714	0.02192171098
1715	0.0219211076
1716	0.02191860931
1717	0.02191687922
1718	0.02191520302
1719	0.02191458504
1720	0.02191070617
1721	0.02190860892
1722	0.02190742851
1723	0.02190606001
1724	0.02190062478
1725	0.02189989266
1726	0.02189957315
1727	0.02189640077
1728	0.02189453894
1729	0.02188929272
1730	0.02188633353
1731	0.02188362939
1732	0.0218826435
1733	0.02188259071
1734	0.02188154624
1735	0.02187946852
1736	0.02187757576
1737	0.0218768357
1738	0.02187528118
1739	0.0218746077
1740	0.02187413341
1741	0.021873309
1742	0.02187227308
1743	0.02187131843
1744	0.02186928841
1745	0.02186801396
1746	0.02186728044
1747	0.02186626046
1748	0.02186412414
1749	0.02186278097
1750	0.02186085201
1751	0.02186035767
1752	0.02185913875
1753	0.02185703911
1754	0.02185562576
1755	0.02185357121
1756	0.02185234855
1757	0.02185179255
1758	0.02185027611
1759	0.0218484323
1760	0.02184717521
1761	0.02184500967
1762	0.0218447914
1763	0.0218395036
1764	0.02183565492
1765	0.02183343259
1766	0.02183065874
1767	0.02182982056
1768	0.02182709808
1769	0.02182505138
1770	0.02182136809
1771	0.02182053446
1772	0.0218198542
1773	0.02181947338
1774	0.02181829355
1775	0.02181569369
1776	0.02181391494
1777	0.02181122786
1778	0.02180954196
1779	0.02180601848
1780	0.02180552171
1781	0.02180364347
1782	0.02179755726
1783	0.0217965891
1784	0.02179600627
1785	0.02179250447
1786	0.02179124727
1787	0.02179070224
1788	0.0217900137
1789	0.02178838295
1790	0.02178158272
1791	0.02177958062
1792	0.02177874213
1793	0.02177255943
1794	0.0217712681
1795	0.02176995795
1796	0.02176912037
1797	0.02176873865
1798	0.02176493461
1799	0.02176317831
1800	0.02176247612
1801	0.02176063219
1802	0.02175929966
1803	0.02175578291
1804	0.02175448578
1805	0.02175193098
1806	0.02174967752
1807	0.02174572661
1808	0.02174524246
1809	0.02174266197
1810	0.02174212178
1811	0.02174069268
1812	0.02173936082
1813	0.02173649805
1814	0.02173410769
1815	0.02173055808
1816	0.0217294187
1817	0.02172664952
1818	0.02172470318
1819	0.02172338392
1820	0.02172114362
1821	0.02172002934
1822	0.02171867988
1823	0.02171762051
1824	0.02171537315
1825	0.02171214268
1826	0.02170928689
1827	0.02170863796
1828	0.0217051946
1829	0.02170416353
1830	0.0217035805
1831	0.02170222211
1832	0.0217007281
1833	0.02169997332
1834	0.02169591683
1835	0.02169233606
1836	0.02169110833
1837	0.0216900168
1838	0.02168924077
1839	0.02168903552
1840	0.021687079
1841	0.02168652831
1842	0.02168604491
1843	0.02168527407
1844	0.0216826418
1845	0.02168153482
1846	0.02168082815
1847	0.02167952066
1848	0.02167540655
1849	0.02167424923
1850	0.02167403455
1851	0.02167338776
1852	0.0216721186
1853	0.02167059933
1854	0.02166866521
1855	0.02166739186
1856	0.02166688187
1857	0.02166639359
1858	0.02166581671
1859	0.02166424597
1860	0.02166347324
1861	0.02166311221
1862	0.02166130582
1863	0.0216573517
1864	0.02165496737
1865	0.0216530443
1866	0.02165150267
1867	0.0216506827
1868	0.02164945856
1869	0.02164770151
1870	0.02164487918
1871	0.02164310003
1872	0.02164206714
1873	0.02164082638
1874	0.02163910194
1875	0.02163782535
1876	0.02163615746
1877	0.02163468826
1878	0.02163326821
1879	0.02163184304
1880	0.02163142886
1881	0.02163025355
1882	0.02162935699
1883	0.02162781157
1884	0.0216263507
1885	0.02162479215
1886	0.02162233457
1887	0.02162113579
1888	0.02161996962
1889	0.02161795765
1890	0.02161504943
1891	0.02161459123
1892	0.02161328942
1893	0.02161219886
1894	0.02161081911
1895	0.02161049297
1896	0.02160980597
1897	0.02160834613
1898	0.0216061429
1899	0.02160408547
1900	0.02160166698
1901	0.0215989869
1902	0.02159848315
1903	0.02159733356
1904	0.02159715789
1905	0.0215963351
1906	0.02159496519
1907	0.02158887846
1908	0.02158654662
1909	0.02158448846
1910	0.0215842548
1911	0.02158162547
1912	0.02157927974
1913	0.02157585295
1914	0.02157417209
1915	0.02157243598
1916	0.02157111124
1917	0.0215688673
1918	0.02156822306
1919	0.02156718276
1920	0.02156640807
1921	0.02156551976
1922	0.02156493721
1923	0.02156311666
1924	0.02156168455
1925	0.02156113036
1926	0.02155777537
1927	0.02155549927
1928	0.02155485101
1929	0.02155341101
1930	0.02155064905
1931	0.021549488
1932	0.02154771806
1933	0.0215473348
1934	0.02154630482
1935	0.02154577108
1936	0.02154438612
1937	0.0215419619
1938	0.02154111996
1939	0.02154026913
1940	0.02153863713
1941	0.02153784469
1942	0.02153741704
1943	0.02153530551
1944	0.02153424427
1945	0.02153152294
1946	0.0215262615
1947	0.02152448807
1948	0.02152415662
1949	0.02152370816
1950	0.02152290651
